{
  "IsEncrypted": false,
  "Values": {
    "FUNCTIONS_WORKER_RUNTIME": "python",
    "AzureWebJobsStorage": "DefaultEndpointsProtocol=https;AccountName=filetransferintstorage;AccountKey=HvjfCrpG4qlUI/3M4ADfIhFcTqGHN0j23Bh6JqTtZKBbkhT7cOJ2oVOYViL5HIv9DVEr44Eku8Z2+AStHM5+DQ==;EndpointSuffix=core.windows.net",
    "SRC_CONTAINER_URL": "https://filetransferintstorage.blob.core.windows.net/source",
    "SRC_SAS_TOKEN": "sp=rawlme&st=2025-05-19T11:45:12Z&se=2025-06-15T19:45:12Z&spr=https&sv=2024-11-04&sr=c&sig=qMA5pPXoZIvjHlvitKRwyVt09ineFrNvXPB9eX5yRN4%3D",
    "DEST_CONTAINER_URL": "https://filetransferintstorage.blob.core.windows.net/destination?sp=racwdlmeop&st=2025-05-19T11:52:35Z&se=2025-06-15T19:52:35Z&sv=2024-11-04&sr=c&sig=C80YBfRiQdOCXJI8KpgAyMYxyeDdxwuXzkbMbNUan6Y%3D"
  }
}